alpha,beta,delta,mpmath,scipy,gnp
5.118265064840097,2.1586812665330752,5.423310782191326,1.1740854652579426E-02,1.1740854652579423E-02,1.1740854652579432E-02
9.504641916889721,0.25202475016780057,9.678837796132974,3.9974678765498961E-01,3.9974678765498756E-01,3.9974678765498944E-01
1.4416817112350655,0.24313314458871524,7.047853886931386,2.9695292033435100E-01,2.9695292033435650E-01,2.9695292033435106E-01
9.486499606427724,7.105026813023674,5.452297557772693,1.9043919162788314E-09,1.9043919162605412E-09,1.9043919162788364E-09
3.1183833369596536,0.2645535332610986,4.636803811448154,3.7441050127256326E-01,3.7441050127256315E-01,3.7441050127256320E-01
4.233322157080859,1.3251340813089978,4.664043429436205,8.0765524686092119E-02,8.0765524686092105E-02,8.0765524686092133E-02
8.277043167945035,2.1164566030426837,6.819999071068578,2.6615198998992253E-02,2.6615198998992368E-02,2.6615198998992267E-02
4.092050443777976,3.0510683916884918,2.3451302372226257,6.2728294078492185E-03,6.2728294078492289E-03,6.2728294078492246E-03
5.495981917361828,1.9749355376646218,7.154039704923569,1.1170451502426453E-02,1.1170451502426453E-02,1.1170451502426463E-02
0.27568837651935935,0.024264399417067494,4.909948271301038,4.6198971493613894E-01,4.6198971493613894E-01,4.6198971493613894E-01
7.535155735437199,2.7932914060262646,6.746654719160031,3.6284925313979526E-03,3.6284925313979574E-03,3.6284925313979539E-03
5.38147931786146,1.7606920448946168,9.408623417947362,9.2630531791194678E-03,9.2630531791194608E-03,9.2630531791194765E-03
3.297384191819272,2.3628637161438486,2.3346134725521286,1.6888564982006731E-02,1.6888564982006651E-02,1.6888564982006731E-02
7.8843081914137,2.5267786666715373,4.032314862058349,3.4064105261479190E-02,3.4064105261479162E-02,3.4064105261479204E-02
3.032017973433521,2.101881022445853,2.751673773739335,1.6746315871064576E-02,1.6746315871064465E-02,1.6746315871064579E-02
4.5350335450175665,2.4421938592005517,0.5268588795298441,2.0377485941244933E-01,2.0377485941244919E-01,2.0377485941244941E-01
1.3405035683019229,1.188969510123008,6.220934862857713,1.6036152864596148E-03,1.6036152864596289E-03,1.6036152864596157E-03
4.031189553172648,2.9544525453363537,6.285237298073719,3.1192692082738932E-05,3.1192692082728964E-05,3.1192692082738959E-05
2.0346320612374287,0.830339254901537,9.994108560327053,3.0728958674178394E-02,3.0728958674178380E-02,3.0728958674178412E-02
2.623207173084451,1.2720972973552986,6.0103089346911975,2.4236181657606753E-02,2.4236181657606770E-02,2.4236181657606756E-02
7.503671689833262,3.5375534050193167,3.9611250154415885,4.1648644945755254E-03,4.1648644945755150E-03,4.1648644945755280E-03
2.804159538984601,2.442307967509988,9.011597077515322,2.3040482077698482E-07,2.3040482527131525E-07,2.3040482077698529E-07
4.851961225218908,0.6732586217464969,0.15394167351224722,4.5727120215679395E-01,4.5727120215679751E-01,4.5727120215679390E-01
9.807373924292406,4.16206857099436,3.0271394217387493,9.1632737932035163E-03,9.1632737932035233E-03,9.1632737932035250E-03
9.616575770918502,5.143350862654566,7.51931527923795,1.1401614992167306E-06,1.1401614991570936E-06,1.1401614992167317E-06
7.247926928741259,3.1626357172179373,1.6149539865153895,6.4795158252711746E-02,6.4795158252710053E-02,6.4795158252711760E-02
5.412314432788787,3.2356569867840186,3.612423628197066,2.8290501855999964E-03,2.8290501856000068E-03,2.8290501855999964E-03
2.768984351333304,1.3812951318895854,8.490651459216577,6.3833811093126080E-03,6.3833811093126080E-03,6.3833811093126133E-03
1.6066040225503913,0.6649225578066933,3.4468120259863584,1.6464975741990107E-01,1.6464975741990107E-01,1.6464975741990112E-01
9.699257139620004,6.657951734112498,2.429682793272947,1.8130976929598317E-04,1.8130976929594861E-04,1.8130976929598338E-04
5.160734248620233,1.7013073704151247,8.905893623981667,1.1889943876881477E-02,1.1889943876881540E-02,1.1889943876881488E-02
1.158744538146456,0.7029954928531061,0.7742643110256663,2.9215308943259144E-01,2.9215308943259150E-01,2.9215308943259144E-01
6.2349352063994505,4.539663996735156,8.566932403626462,3.6903028213093997E-09,3.6903028212670704E-09,3.6903028213094051E-09
7.766853475111546,1.0204507041480089,3.1539146355129963,2.5835478878063428E-01,2.5835478878063384E-01,2.5835478878063428E-01
6.1300717102002995,2.003302514296679,2.0779263930739917,1.2071587832341767E-01,1.2071587832341744E-01,1.2071587832341768E-01
9.172985318138547,8.657602481765776,4.878838842721516,6.0334379349022910E-15,6.0334379348925241E-15,6.0334379349022823E-15
0.3960248073543622,0.38219928232594125,4.834232805714174,5.7598050937775751E-02,5.7598050937437972E-02,5.7598050937775744E-02
5.28593977367389,5.240501759311487,9.64697340286989,3.1402831186442706E-21,3.1402831186501075E-21,3.1402831186442544E-21
4.5934128952657485,0.1995414492320499,7.5250717449310685,3.9953505047606780E-01,3.9953505047606475E-01,3.9953505047606791E-01
0.623589556540841,0.5149950217660316,4.601278323252199,6.4673536647718646E-02,6.4673536647718646E-02,6.4673536647718646E-02
6.413317558576836,5.9926376311564455,5.594525848959423,6.4919706729936414E-12,6.4919707651784697E-12,6.4919706729936737E-12
8.52634312152272,7.68343354003729,3.1837508344798,1.7305192399262483E-08,1.7305192702965865E-08,1.7305192399262522E-08
5.929450886941029,4.236660378228777,9.82721765118474,1.7851753263627110E-09,1.7851753263429176E-09,1.7851753263627149E-09
2.6010484676274586,1.756405067672607,3.859449437298754,1.1713455336686149E-02,1.1713455336686151E-02,1.1713455336686152E-02
8.398831222161984,6.040165640422693,8.85690570085431,8.7303094965657282E-12,8.7303094961993130E-12,8.7303094965657492E-12
5.0950078656269415,2.9282846776314373,6.560806249147992,2.5875656433892749E-04,2.5875656433905765E-04,2.5875656433892782E-04
5.108937755776884,4.025042072853273,9.16144910995856,1.1228942767467221E-09,1.1228942347061141E-09,1.1228942767467235E-09
7.530326774001009,3.7796648730694136,3.545741150038551,3.7573737050701646E-03,3.7573737050701720E-03,3.7573737050701664E-03
1.479305565645987,0.33504144544072517,4.167022596403185,2.8932112180621739E-01,2.8932112180621727E-01,2.8932112180621744E-01
8.196285228520859,0.7799611819429079,3.69333269826124,3.0082270062039684E-01,3.0082270062039734E-01,3.0082270062039695E-01
6.832900731341971,6.200442054337657,8.27044547773204,3.3935478139158748E-16,3.3935478139132863E-16,3.3935478139158713E-16
7.870990705853854,5.937633146480636,9.5312323406365,3.8453211673333850E-13,3.8453211668189483E-13,3.8453211673334042E-13
1.9162434285754504,0.3408756607079875,8.245710865103268,2.4056287684257718E-01,2.4056287684257696E-01,2.4056287684257724E-01
8.023661374929187,6.59395212020117,4.514267583124341,1.3375788544634536E-08,1.3375788435179403E-08,1.3375788544634569E-08
1.913320128179397,0.575423488955726,8.29098436460785,1.1456432370260337E-01,1.1456432370260337E-01,1.1456432370260339E-01
0.8156180183733908,0.5182303634413402,7.301890671091899,5.3302563859041606E-02,5.3302563859041717E-02,5.3302563859041620E-02
8.552284220173274,3.0483809085833977,5.19138046317812,8.0158533624982552E-03,8.0158533624982535E-03,8.0158533624982587E-03
8.612848833427066,1.8494780285229133,1.8350317464684425,1.9707775812648023E-01,1.9707775812648029E-01,1.9707775812648026E-01
8.765383310456164,1.544964954287688,2.378785547371375,2.1090832090998363E-01,2.1090832090998324E-01,2.1090832090998368E-01
4.719150002615966,0.3388746588194206,7.037672175992898,3.3996334020830465E-01,3.3996334020830110E-01,3.3996334020830482E-01
2.740556481298322,0.2063356185307988,1.987474195812629,4.3165810011169359E-01,4.3165810011169375E-01,4.3165810011169353E-01
0.0710175768488023,0.004967823688349499,5.603503811592221,4.8523362212824284E-01,4.8523362212824378E-01,4.8523362212824273E-01
6.457244383659921,0.5859234403367454,8.041906656325192,2.5688039360238296E-01,2.5688039360238196E-01,2.5688039360238307E-01
7.199121844148579,5.999469037997949,6.539015383933874,4.8992099793239202E-11,4.8992099792924265E-11,4.8992099793239214E-11
8.355708608081091,4.326357880495362,6.097596196286275,6.4766612610944025E-05,6.4766612610280778E-05,6.4766612610944120E-05
2.8188500858626853,0.36455299312159956,2.577407860381451,3.6553081682176908E-01,3.6553081682176919E-01,3.6553081682176908E-01
2.15226014981302,1.1298174716820517,1.199447692534799,2.0050254160504269E-01,2.0050254160504255E-01,2.0050254160504272E-01
6.3933498675278715,3.4686770754102714,0.33919510648270673,2.1409522644088555E-01,2.1409522644088597E-01,2.1409522644088561E-01
8.050567825966782,3.9979027312605995,0.4634963016744718,1.6791905972642523E-01,1.6791905972642523E-01,1.6791905972642526E-01
9.636712361362424,1.9955067153134094,2.3177014290626685,1.6389600155168341E-01,1.6389600155168327E-01,1.6389600155168343E-01
1.5053332517287328,0.654111090203283,5.576871022784805,1.0151293297968396E-01,1.0151293297965755E-01,1.0151293297968397E-01
4.822175660754545,4.1958461244852145,4.23686024356708,3.0761241361344097E-06,3.0761241361339498E-06,3.0761241361344131E-06
8.947169150375515,3.4354267054361136,2.0410688984722443,4.8267672662201860E-02,4.8267672662202034E-02,4.8267672662201867E-02
4.227226797763678,2.130426231464466,3.0269411180641255,3.2198707449808024E-02,3.2198707449807587E-02,3.2198707449808031E-02
5.895061670634273,5.478763700234259,4.612566782416186,2.8420731745478900E-09,2.8420732029875180E-09,2.8420731745478933E-09
0.24500432586588267,0.05716827919074468,7.989442404818569,3.7760759674421279E-01,3.7760759674421701E-01,3.7760759674421285E-01
6.7346315255406735,4.882989517233749,6.559325896051402,8.5436864203113083E-08,8.5436864203472569E-08,8.5436864203113229E-08
9.190894287476262,4.447231582509652,0.4091512178872315,1.7364540093900219E-01,1.7364540093900216E-01,1.7364540093900216E-01
8.268270613034256,6.5054189078362015,4.8152418087657205,1.8783405619830150E-08,1.8783406012193129E-08,1.8783405619830163E-08
8.855214115072796,3.1874712274476003,1.8600528089049926,7.0122443074863219E-02,7.0122443074863150E-02,7.0122443074863233E-02
6.603587769667182,3.5809532782929248,8.548343193855956,1.1286911569590718E-05,1.1286911569745806E-05,1.1286911569590740E-05
2.4555981172050516,0.9050091434012383,8.84905384725012,4.1011399263532283E-02,4.1011399263532429E-02,4.1011399263532297E-02
7.685193137262654,6.650896343314475,5.546691644660298,4.0050481599146389E-11,4.0050480503251301E-11,4.0050481599146518E-11
2.116826258600845,1.9347543358643744,7.364106784021723,9.9962072509595095E-06,9.9962076225909512E-06,9.9962072509595129E-06
8.312765219161145,5.249990394380901,6.867841347062188,2.1716246508834857E-07,2.1716246508764418E-07,2.1716246508834926E-07
0.6272729539154254,0.6147639996076043,8.168366995077783,2.6672781113268782E-03,2.6672781113270595E-03,2.6672781113268778E-03
8.25489558515422,6.039212025819978,2.7882295617167645,7.0757542792729587E-05,7.0757542792712565E-05,7.0757542792729682E-05
1.6451562140143656,1.3650898939739045,2.2929602125211797,3.8668258087296473E-02,3.8668258087296459E-02,3.8668258087296480E-02
3.7515324502667693,3.3536119372272895,7.463115925234002,1.5988934955238839E-08,1.5988935141059415E-08,1.5988934955238869E-08
3.1674499917529877,0.8626928570497131,9.590823352745815,6.5601105226105544E-02,6.5601105226105599E-02,6.5601105226105585E-02
6.913401219073885,6.814571206694098,2.2982552465912782,1.7876821741433656E-07,1.7876822166914394E-07,1.7876821741433611E-07
1.785800924555902,0.6975931213220538,5.677783058000542,1.0488645543245859E-01,1.0488645543245857E-01,1.0488645543245860E-01
3.962621996553643,1.9702874543574653,5.442240703367367,8.7629890088974718E-03,8.7629890088974632E-03,8.7629890088974770E-03
0.05834536862029866,0.010558357854295942,3.7356448781287432,4.7384445849106682E-01,4.7384445849106682E-01,4.7384445849106677E-01
2.62502087802974,2.1547111844472306,7.502402843575387,2.2384477336823250E-05,2.2384477336823000E-05,2.2384477336823261E-05
4.21194602340813,1.4203685758229287,1.3177503001236153,2.1489873596535264E-01,2.1489873596535275E-01,2.1489873596535264E-01
1.059301774949574,0.729822648839357,3.7178335605735398,7.6630198915570560E-02,7.6630198915570574E-02,7.6630198915570588E-02
6.331636144370974,1.3861147165846157,4.310729179201207,1.2599797936441492E-01,1.2599797936441454E-01,1.2599797936441492E-01
3.804304656438335,1.3378230477720017,9.530002493135557,1.5990816046351820E-02,1.5990816046351879E-02,1.5990816046351830E-02
7.252966851368581,2.7885916636387784,6.843069473419848,2.9325078010791262E-03,2.9325078010791327E-03,2.9325078010791297E-03
6.538694724082837,1.55065633134146,7.109617690345646,5.2162771190369307E-02,5.2162771190369432E-02,5.2162771190369321E-02
4.312324365099184,0.15521485005318628,9.99791145691653,4.0683317569301630E-01,4.0683317569301358E-01,4.0683317569301641E-01
8.673218324371428,6.675502922843717,2.2678643724257554,8.9933096446556234E-05,8.9933096446564718E-05,8.9933096446556275E-05
6.32138796148992,6.0018667931014065,6.035305971378672,2.8627182824809870E-13,2.8627182549390346E-13,2.8627182824809890E-13
8.10276249362778,1.8376689516553129,1.0767061914542764,2.5298315135998267E-01,2.5298315135998278E-01,2.5298315135998267E-01
3.4180130599287364,0.558250613765673,1.6250504919187732,3.5262032664587101E-01,3.5262032664587084E-01,3.5262032664587112E-01
5.43673852975559,1.8914900857628245,6.96130879695415,1.5103340029332130E-02,1.5103340029332120E-02,1.5103340029332137E-02
1.9630492214590227,0.16411183681381755,8.259851678427419,3.6903278958768870E-01,3.6903278958768815E-01,3.6903278958768876E-01
9.961412287067267,6.469273950122672,6.358012316208393,1.9271643494663751E-08,1.9271643494271085E-08,1.9271643494663788E-08
2.432230321516841,0.8970440333656884,5.797870967329612,8.1084001667343017E-02,8.1084001667342961E-02,8.1084001667343045E-02
2.568748985524305,1.4445452322062755,7.90632819988589,4.2063212390855732E-03,4.2063212390855620E-03,4.2063212390855724E-03
0.7319934049024207,0.6624820568233047,9.56237858777512,2.7061418734205520E-03,2.7061418734205828E-03,2.7061418734205542E-03
2.5781054096554663,2.2193779494211348,9.255229180304509,7.4344838713714218E-07,7.4344838713719713E-07,7.4344838713714239E-07
7.631309012587278,7.027165028308651,8.08778919059249,2.4204001439343369E-18,2.4204001437729671E-18,2.4204001439343504E-18
6.978965917473745,6.519663430263392,4.321235833181382,2.8563879641448760E-10,2.8563879279022956E-10,2.8563879641448926E-10
1.2868192558504628,0.7587597474684888,7.663363446628779,2.7234300422983044E-02,2.7234300422982756E-02,2.7234300422983044E-02
3.7624473904307996,1.8898610903486186,2.3383997399561096,6.4050086650558904E-02,6.4050086650558932E-02,6.4050086650558918E-02
4.209271854035167,0.1622250649390214,9.040496376700414,4.0632112255093800E-01,4.0632112255093261E-01,4.0632112255093816E-01
6.649875965194971,0.6865094463258528,2.7974150681652024,3.2890213577819949E-01,3.2890213577817462E-01,3.2890213577819954E-01
4.559344037541184,2.388528856574268,9.80384907338489,1.4197720808127305E-04,1.4197720808127308E-04,1.4197720808127321E-04
5.865224616422632,5.016504842723871,3.0169023812989173,2.0903674336261177E-05,2.0903674336262732E-05,2.0903674336261177E-05
8.396862067629062,3.6339040485893617,2.6409063592078232,1.8842122654900963E-02,1.8842122654900914E-02,1.8842122654900973E-02
7.264763455762673,0.03430351243750991,3.3633407876395047,4.9073581161809399E-01,4.9073581161809315E-01,4.9073581161809404E-01
3.6501361343592387,0.7770355050153362,4.8514704371992945,1.8544727693533414E-01,1.8544727693533450E-01,1.8544727693533417E-01
4.484018253813908,3.4053898034545353,2.0020864146416484,6.7784460731400353E-03,6.7784460731400856E-03,6.7784460731400388E-03
3.6770589269430975,0.5850243132809088,2.637305547993482,3.1173038608474224E-01,3.1173038608474207E-01,3.1173038608474218E-01
1.0974356666005667,0.21968157969874968,8.84237726018397,2.6793579063308542E-01,2.6793579063308942E-01,2.6793579063308548E-01
2.0324951167195575,0.5812224499452687,9.313205025199192,1.0579478438317313E-01,1.0579478438317295E-01,1.0579478438317318E-01
2.8381365087924166,1.728609072937775,1.5538832881361273,9.4287710424089413E-02,9.4287710424089455E-02,9.4287710424089427E-02
3.1414075426334622,2.6253771445630565,4.413568129137553,2.3154359071629165E-04,2.3154359071628263E-04,2.3154359071629173E-04
3.1305472834134953,0.6870206646692963,4.198522100777287,2.1384122457342722E-01,2.1384122457342705E-01,2.1384122457342722E-01
5.7670394925578945,3.4560076323047,8.282908330622229,6.7053777875955516E-06,6.7053777875849544E-06,6.7053777875955609E-06
9.716902587199984,5.148799454904668,6.604173451084837,5.2428364439459666E-06,5.2428364440232219E-06,5.2428364439459784E-06
7.746663882823827,3.447067717990543,4.080475952230099,5.2407308821121965E-03,5.2407308821122121E-03,5.2407308821122017E-03
7.911360368333235,4.590643456330257,7.886979060130133,7.8456350576256654E-07,7.8456350575583549E-07,7.8456350576256771E-07
7.592709078545745,6.176595083809709,6.051549373236398,3.1605476955645780E-10,3.1605475379978709E-10,3.1605476955645879E-10
5.969917606464512,1.3017589248094366,2.0936900263537748,2.2121060833906261E-01,2.2121060833906284E-01,2.2121060833906259E-01
9.17693080248341,4.563134159264069,7.926302297717351,5.9119063465490620E-06,5.9119063463890423E-06,5.9119063465490697E-06
6.8963325914552644,0.680838504282677,4.6564286010712355,2.8842600681614805E-01,2.8842600681614639E-01,2.8842600681614805E-01
5.0036142717256356,2.567910284088412,8.869516307209652,2.0259974426659202E-04,2.0259974426659148E-04,2.0259974426659213E-04
0.7709303766245375,0.6093632917627932,6.6523203799812425,2.5896453364945008E-02,2.5896453364945018E-02,2.5896453364945022E-02
4.88454342593253,4.872633799635715,1.511545956571388,1.4227322005485238E-04,1.4227322005485354E-04,1.4227322005485227E-04
2.1283886703038095,1.0125631761149867,7.566781297844168,2.5340182127125386E-02,2.5340182127125434E-02,2.5340182127125389E-02
1.3270497058381179,0.3941472904437372,5.81209940798085,2.0566835146590268E-01,2.0566835146590354E-01,2.0566835146590273E-01
5.060698618801476,2.9318882892644544,5.415840423458507,7.6521892235114123E-04,7.6521892235068890E-04,7.6521892235114188E-04
7.85087441744033,2.9205924137677477,4.19743357383604,1.5131129413161078E-02,1.5131129413161099E-02,1.5131129413161085E-02
2.9501349274109145,0.34743262399008323,6.628936158598924,3.0206864104801301E-01,3.0206864104801284E-01,3.0206864104801306E-01
7.687740721915674,4.031832353445805,0.6329915532739184,1.2029334893405616E-01,1.2029334893405612E-01,1.2029334893405617E-01
5.256342668670224,4.197386311298749,5.038385241414594,2.4610552154603233E-06,2.4610552154611695E-06,2.4610552154603255E-06
1.4905653289047884,1.3271174366518608,9.355073637480467,5.7027526367197192E-05,5.7027526367196257E-05,5.7027526367197253E-05
9.64968094302296,9.429233647277037,2.0487508854618706,1.5415975417510536E-08,1.5415975046238264E-08,1.5415975417510506E-08
4.016422075262786,1.4779998403563441,1.3702202375667816,1.9481219898562380E-01,1.9481219898562374E-01,1.9481219898562377E-01
2.952413033201392,0.7444859242272472,4.1052623931553995,1.9044425452864638E-01,1.9044425452864633E-01,1.9044425452864638E-01
8.469999006500233,0.9452445371596533,5.195152468399627,2.2984262126280744E-01,2.2984262126280849E-01,2.2984262126280749E-01
1.2446908791215467,0.5431326317461126,3.7653206931631797,1.7222074495709599E-01,1.7222074495709591E-01,1.7222074495709605E-01
7.335931251690926,5.9157911055398,4.839461901554856,4.0305926842292838E-08,4.0305926010220346E-08,4.0305926842292871E-08
1.8783286431804267,0.4417368741601639,6.746713806275768,2.0183250333236860E-01,2.0183250333236866E-01,2.0183250333236857E-01
3.9249785109482236,3.3317861665455126,7.927806407676687,3.4845300574037466E-08,3.4845300255209579E-08,3.4845300574037492E-08
2.3190755946335386,1.649589879519544,0.5160097096988927,2.1915546690324345E-01,2.1915546690324433E-01,2.1915546690324347E-01
8.4122958041246,1.6954219608923626,3.817183969612989,1.2640363339738472E-01,1.2640363339738461E-01,1.2640363339738472E-01
3.900806511943424,2.4633126432811787,6.192347237007886,5.2559338353403784E-04,5.2559338353403058E-04,5.2559338353403871E-04
9.746930659541604,7.983250832780455,0.20925451310222243,1.0631416364550673E-01,1.0631416364550669E-01,1.0631416364550680E-01
6.252652318002626,5.8275008813260225,9.491965938446059,2.0234354444452465E-18,2.0234354443412913E-18,2.0234354444452488E-18
6.936258984745682,1.1298495439093015,6.408245684524876,1.3860632288443531E-01,1.3860632288443542E-01,1.3860632288443533E-01
5.215299068811962,4.2836962629432795,4.850088243244062,1.7709835698851626E-06,1.7709835698855050E-06,1.7709835698851681E-06
3.089751093936004,2.3954759578155445,4.483198187561716,7.7764701765033911E-04,7.7764701765030604E-04,7.7764701765033932E-04
3.955624654882182,0.966098812643779,1.472662093630144,2.8021121567178953E-01,2.8021121567178958E-01,2.8021121567178958E-01
9.409347783200252,2.7756846533386113,0.6626434053529232,2.3238472731698637E-01,2.3238472731698637E-01,2.3238472731698637E-01
2.0121118869265726,1.9239207496531339,6.809698977150613,6.6555272616874297E-06,6.6555272616874305E-06,6.6555272616874424E-06
9.882190190312,3.580238703828141,9.239868996276291,2.1790386840844398E-04,2.1790386840844639E-04,2.1790386840844395E-04
7.583082789451984,2.194530153616378,7.923705781929712,1.1819621675806528E-02,1.1819621675806522E-02,1.1819621675806536E-02
3.597933286233453,2.5889688015865975,0.21464120378201806,2.7077428277084592E-01,2.7077428277024818E-01,2.7077428277084598E-01
6.4151717436970825,0.8573248248481552,0.3897809225926831,4.1959252267761787E-01,4.1959252267761371E-01,4.1959252267761782E-01
3.809877294776946,1.8409440546075657,5.126633715058737,1.4222920039672944E-02,1.4222920039672930E-02,1.4222920039672947E-02
3.8149911771059366,1.3673571585693205,5.732683929736318,4.5033280703424480E-02,4.5033280703424453E-02,4.5033280703424480E-02
5.038079121650276,2.740203023589295,6.063503404048016,8.9894225278362445E-04,8.9894225278362337E-04,8.9894225278362510E-04
0.1673265440716073,0.10090520880171429,8.76026065195723,2.3639402704863269E-01,2.3639402704863824E-01,2.3639402704863266E-01
4.935766242277968,3.1580376871099705,8.978668094698138,3.1485460744253525E-06,3.1485460744182789E-06,3.1485460744253601E-06
9.715986974627535,4.202497236943845,9.892945379485067,7.0229440764943720E-06,7.0229440764944296E-06,7.0229440764943728E-06
2.854723741332906,2.5297378339605414,3.336429451208039,8.1273414531109840E-04,8.1273414531110523E-04,8.1273414531109905E-04
7.482204768970214,6.247676449081778,4.685491889667386,1.1138629842602310E-08,1.1138629687495093E-08,1.1138629842602338E-08
4.427944621815943,4.129018817506408,9.936293766452385,3.9444720125094378E-14,3.9444720124948742E-14,3.9444720125094277E-14
2.092889498073593,0.9334576615141673,7.003657915341003,4.0978163653853400E-02,4.0978163653853407E-02,4.0978163653853414E-02
9.050035207924214,6.6031386595483035,0.5744434067352461,3.8346261602199720E-02,3.8346261602199769E-02,3.8346261602199741E-02
0.16837116407366193,0.07254008864493448,9.095524972224473,3.0442212214351522E-01,3.0442212214351527E-01,3.0442212214351527E-01
3.035158915102447,0.8474928217800384,6.166765699622462,1.1271421740333464E-01,1.1271421740333473E-01,1.1271421740333466E-01
9.990258920651144,6.509479623698248,1.9372031464500759,1.1968692105422938E-03,1.1968692105424250E-03,1.1968692105422945E-03
2.621541747220276,2.4776064778440845,3.4773557743397143,2.8168373808216810E-04,2.8168373808216870E-04,2.8168373808216854E-04
8.490460314140535,6.823776715203832,5.776635155156914,1.6395794648486870E-10,1.6395794648358060E-10,1.6395794648486881E-10
6.056870918242177,1.7300323432771318,6.527699164507417,3.5202126112706220E-02,3.5202126112706192E-02,3.5202126112706233E-02
8.060376471700483,1.8430014115644056,4.107343680966212,9.3506994820781744E-02,9.3506994820781175E-02,9.3506994820781786E-02
6.303214522659238,4.860422398074018,7.443616523552362,2.9122107641239986E-09,2.9122107236146648E-09,2.9122107641240023E-09
3.627032300892778,2.556035755955146,5.328311974596405,4.3701100021481017E-04,4.3701100021488064E-04,4.3701100021481049E-04
7.607911766956367,6.564673387288326,9.747580586111514,6.2448249726441614E-18,6.2448249737555316E-18,6.2448249726442107E-18
0.264942840584833,0.038964848878686474,8.534975280887569,4.1619051112840072E-01,4.1619051112839034E-01,4.1619051112840066E-01
4.468184836049345,3.846909997160045,1.5010504232970294,5.9220622847336321E-03,5.9220622847334300E-03,5.9220622847336373E-03
3.7186085132440736,1.6092657704335336,1.0309666053521647,1.9949412123045765E-01,1.9949412123045759E-01,1.9949412123045765E-01
4.770792348972931,1.3062371602566334,8.535310577367348,3.9312886396183938E-02,3.9312886396183917E-02,3.9312886396183945E-02
1.2762941028920465,0.4384812704142279,6.077345951510037,1.6931947467226643E-01,1.6931947467226716E-01,1.6931947467226646E-01
2.22514640877613,2.2084954072395604,9.762238042247633,4.3819058033264915E-10,4.3819058147040072E-10,4.3819058033264532E-10
5.620559695838084,5.368309318248163,4.358404211148244,2.6723978481323272E-09,2.6723979012993628E-09,2.6723978481323297E-09
3.8777523796479745,0.3279746479720324,1.7930658034293327,4.1313394680467203E-01,4.1313394680467197E-01,4.1313394680467197E-01
7.916582890282847,2.498141782372373,0.3699797649180984,2.9912839177876754E-01,2.9912839177876716E-01,2.9912839177876754E-01
6.051405379116217,4.351806857123457,7.68587035863091,5.4122885210839630E-08,5.4122888484855389E-08,5.4122885210839789E-08
8.612680721201462,0.3122482725378632,0.8352709418763314,4.6188658025238105E-01,4.6188658025238083E-01,4.6188658025238111E-01
7.323635137172313,0.2698891895530316,6.43906713651454,4.0034829694138763E-01,4.0034829694138602E-01,4.0034829694138768E-01
6.018274295240874,0.2756400491036623,5.635479314017112,3.9518422080459725E-01,3.9518422080459686E-01,3.9518422080459736E-01
2.8762272603997374,2.495725241422797,7.395709247187249,2.1618169901909862E-06,2.1618169901906123E-06,2.1618169901909862E-06
7.827626403214892,2.6149358169902626,9.438918240893779,1.8148076337703941E-03,1.8148076337704151E-03,1.8148076337703948E-03
2.512750654953001,0.8018246467640671,2.3652912516926277,2.1979327913642599E-01,2.1979327913642588E-01,2.1979327913642605E-01
0.7522035970328629,0.5963147673229966,4.82609266655023,5.1790594528278049E-02,5.1790594528278042E-02,5.1790594528278049E-02
9.628649497974434,3.070857085670742,7.515645531087726,3.0309089253563637E-03,3.0309089253563524E-03,3.0309089253563659E-03
5.4001580498441815,3.985068200487526,2.023661450100959,4.2166871032844411E-03,4.2166871032844966E-03,4.2166871032844446E-03
7.738965586068358,2.8603375218587166,0.9202070337658929,1.6168048984736327E-01,1.6168048984736377E-01,1.6168048984736330E-01
5.292275154022838,1.5766972370524368,1.3803160637700567,2.1145306342588244E-01,2.1145306342588244E-01,2.1145306342588246E-01
6.1158361457451775,2.3695933210386446,9.316886688982581,1.4557485986155289E-03,1.4557485986155386E-03,1.4557485986155300E-03
0.3390191159400107,0.05719292087462996,7.8942730876317055,3.9510874390039513E-01,3.9510874390039785E-01,3.9510874390039513E-01
1.86801811417015,0.1417099538208899,2.0041884664033387,4.4331467197085106E-01,4.4331467197085056E-01,4.4331467197085100E-01
6.746926485408231,5.872923175800427,0.15899570938690435,1.7172139301553130E-01,1.7172139301552655E-01,1.7172139301553133E-01
5.705688923065187,4.950520530102274,6.3782263348285655,8.4010556911978700E-10,8.4010557874956044E-10,8.4010556911979010E-10
1.585634484363728,0.7308184584347813,3.219136610219675,1.4744888000904879E-01,1.4744888000904888E-01,1.4744888000904885E-01
9.520297484334975,6.549959654625134,2.2796233418640868,3.0219382218228674E-04,3.0219382218232480E-04,3.0219382218228674E-04
1.5436208901107884,1.3304843814617477,1.9956364173743506,4.7066388924696632E-02,4.7066388924696612E-02,4.7066388924696646E-02
5.103081467061879,1.9950085133215218,4.722306413267737,2.5685542106965907E-02,2.5685542106965890E-02,2.5685542106965914E-02
1.4401143499050748,1.0244782061897322,3.4225803147583984,4.7519464230006477E-02,4.7519464230006511E-02,4.7519464230006497E-02
7.173745523889736,5.411025953851025,9.402178897165513,5.4937630129474222E-12,5.4937630130560818E-12,5.4937630129474319E-12
2.7632025096501183,0.21806768896936893,5.6589181852016255,3.7831878637986305E-01,3.7831878637986266E-01,3.7831878637986305E-01
1.3414263378203206,0.18630500122944807,9.001271434364332,3.1597792517099516E-01,3.1597792517099493E-01,3.1597792517099510E-01
0.45996720798708957,0.34489689994668227,9.24639418877913,4.9658110749104742E-02,4.9658110749104735E-02,4.9658110749104756E-02
1.7484378954224464,1.2330642141909787,9.001334887299496,1.3428375090876318E-03,1.3428375090875355E-03,1.3428375090876327E-03
1.9180679873639919,0.3565629830205337,4.983505070738279,2.8431009622444631E-01,2.8431009622444603E-01,2.8431009622444631E-01
5.369767098509969,4.435848930515426,5.8329373179625925,9.6632781485836051E-08,9.6632781485776759E-08,9.6632781485836263E-08
4.5104437578252945,3.6097052916757555,5.342635591346814,6.2673153126284906E-06,6.2673153126275436E-06,6.2673153126284957E-06
9.572947943098647,3.188538752918827,0.2027327810252138,3.2774130146500319E-01,3.2774130146499675E-01,3.2774130146500324E-01
9.541517953532738,3.249854707930513,9.464105935894796,5.1619246342823216E-04,5.1619246342823725E-04,5.1619246342823248E-04
7.9654814500732565,0.8869631249281006,1.5109884219926948,3.5083910549082226E-01,3.5083910549082176E-01,3.5083910549082226E-01
6.715909181043635,2.9925566775520562,5.534603760267076,2.7076889930525688E-03,2.7076889930525822E-03,2.7076889930525709E-03
8.450246413374307,0.9341049213316274,6.826510303102701,2.0071822190674932E-01,2.0071822190674921E-01,2.0071822190674937E-01
9.387524409615997,5.100432837941695,7.863082501009542,5.9050836616371756E-07,5.9050836613229475E-07,5.9050836616371819E-07
0.22627502709713881,0.1412712267626221,5.422277573790492,2.4963148470949850E-01,2.4963148470948696E-01,2.4963148470949853E-01
1.1811404609858718,0.6871606615674438,6.391144879213495,4.9317676099314388E-02,4.9317676099314374E-02,4.9317676099314395E-02
3.602702820447963,0.2612148570137207,8.271110884056716,3.4663576486025616E-01,3.4663576486025616E-01,3.4663576486025621E-01
0.935959171740693,0.5816303995266844,6.435319215760468,5.6762646847356740E-02,5.6762646847356830E-02,5.6762646847356747E-02
5.995284778085466,4.506718525928841,6.668451471203413,9.9496656810443497E-08,9.9496656810499626E-08,9.9496656810443589E-08
2.603716187058852,0.3712105185443786,8.540535155298832,2.5132643644937119E-01,2.5132643644937080E-01,2.5132643644937125E-01
2.643470857350342,1.5725655022801754,0.7342093279886354,2.0452344016683238E-01,2.0452344016683324E-01,2.0452344016683244E-01
2.883351053679791,2.359784569670289,5.185258655986499,2.0449127988789056E-04,2.0449127988788620E-04,2.0449127988789070E-04
0.977246804278142,0.1898127991780432,0.2656175824100427,4.6856788674947569E-01,4.6856788674938649E-01,4.6856788674947575E-01
7.409470437936266,6.76179448194357,1.5139465748141605,1.6150098881623342E-04,1.6150098881623267E-04,1.6150098881623342E-04
6.506759228753541,6.317869656187319,0.28516129152817593,5.8084966594072404E-02,5.8084966594072369E-02,5.8084966594072425E-02
6.06512025560356,4.313642513066987,8.662428341029226,1.2556843738437577E-08,1.2556843738351099E-08,1.2556843738437589E-08
0.34055241821952653,0.2967204942137911,3.2974492062055907,1.6503859771286650E-01,1.6503859771287188E-01,1.6503859771286652E-01
4.294698499974311,1.1691850610179768,5.211359960342529,9.7985975071481324E-02,9.7985975071481976E-02,9.7985975071481365E-02
6.852067378639436,4.554147443631775,7.872600654097106,9.4419513905716966E-08,9.4419513905634963E-08,9.4419513905717231E-08
1.5635508643708735,1.4467410531549751,6.888999357815375,1.5378705206145385E-04,1.5378705206145366E-04,1.5378705206145395E-04
3.8566398807910427,0.17601535766751586,9.263152973500029,3.9284221201261493E-01,3.9284221201260966E-01,3.9284221201261504E-01
0.19843947128482192,0.1627566585027052,4.898087906861043,2.0516846248723450E-01,2.0516846248720955E-01,2.0516846248723453E-01
0.8186717849727129,0.19439305923807093,7.024407906562437,2.8704714282014598E-01,2.8704714282014576E-01,2.8704714282014604E-01
2.1646141546325395,1.7327971941362585,8.677559913443153,5.8617970128208504E-05,5.8617970128214088E-05,5.8617970128208572E-05
4.146560146396372,2.6626501604709953,1.072059510683179,8.0435545219431179E-02,8.0435545219431193E-02,8.0435545219431206E-02
4.632454038870169,3.7103247549654554,4.698604603231329,1.6381395197180097E-05,1.6381395197176871E-05,1.6381395197180104E-05
8.845226864027968,3.548643015694055,0.8800337846191599,1.3006912031069529E-01,1.3006912031069590E-01,1.3006912031069531E-01
3.1666527558959157,1.4259931845849156,5.569687924906326,2.6788774081755767E-02,2.6788774081755843E-02,2.6788774081755774E-02
0.214736616384286,0.1982982557968309,3.1336021290018277,2.1446396706730447E-01,2.1446396706669441E-01,2.1446396706730447E-01
8.262250845376974,0.5956358525444275,8.404998681692508,2.7422769709961575E-01,2.7422769709961464E-01,2.7422769709961570E-01
0.6185631690421904,0.09704533971358884,4.683861856941468,3.9820776196478935E-01,3.9820776196479091E-01,3.9820776196478935E-01
0.9300106274230173,0.9038650021434729,1.6290367173473317,7.9874678346912878E-02,7.9874678346913031E-02,7.9874678346912920E-02
9.631820849225676,8.788312251135842,8.733804013556831,1.2344539621973072E-23,1.2344539600512053E-23,1.2344539621973052E-23
7.533678844741772,1.1117775187773369,4.258712380335889,2.0186531971767827E-01,2.0186531971767724E-01,2.0186531971767829E-01
3.3786082423722728,3.285738067783587,0.19721045075023924,1.9157752865327821E-01,1.9157752865282870E-01,1.9157752865327829E-01
1.321875198307795,0.3515190284767118,2.686961716984238,3.1205245360566469E-01,3.1205245360566464E-01,3.1205245360566475E-01
3.8673670586612987,3.4470718650592898,3.831055908157834,3.3513888015681322E-05,3.3513888015681837E-05,3.3513888015681383E-05
3.392015008312458,3.066265143807666,0.2625405829161495,1.8369520952981108E-01,1.8369520952981111E-01,1.8369520952981108E-01
8.744424570304588,0.2159724393553638,1.4012013407618027,4.6588604523959992E-01,4.6588604523959964E-01,4.6588604523959998E-01
4.187588297838668,0.044774580585430095,2.9651590369868908,4.8511736482567619E-01,4.8511736482567658E-01,4.8511736482567613E-01
0.8205418556556188,0.26859688619836386,3.3758991932546003,2.9768496369510650E-01,2.9768496369510616E-01,2.9768496369510650E-01
9.268059343065627,8.622225011685307,4.375850886270043,4.6441022150073547E-13,4.6441022149968918E-13,4.6441022150073820E-13
6.22317140581623,4.9210412500901475,2.976248382287359,8.3944399329634160E-05,8.3944399329643240E-05,8.3944399329634269E-05
1.167186896824344,0.4517915251929988,3.206750345869912,2.2933669814553184E-01,2.2933669814553184E-01,2.2933669814553187E-01
1.1318302830482188,0.9703122073042056,4.620841540369072,1.4000732242452468E-02,1.4000732242452482E-02,1.4000732242452471E-02
4.659385818318526,1.4348425176763504,3.5193922698282454,1.0509767455209042E-01,1.0509767455209033E-01,1.0509767455209043E-01
0.9209804479945929,0.3202456862692616,7.497884499071634,1.8075102060148715E-01,1.8075102060148740E-01,1.8075102060148718E-01
6.3175587468083645,1.2072688309801614,7.8107300420764885,8.9278215112291143E-02,8.9278215112291337E-02,8.9278215112291198E-02
6.163876272569993,5.908889052598126,0.17675787187418293,1.2962202200263653E-01,1.2962202200264183E-01,1.2962202200263656E-01
0.3209102780466752,0.2576984535663133,1.621005909907015,2.9031413747827844E-01,2.9031413747827428E-01,2.9031413747827856E-01
8.074247068134841,3.7343389121301116,1.018281257014357,8.9249215682646127E-02,8.9249215682625047E-02,8.9249215682646155E-02
7.8679689299188915,2.0830291755322095,3.52875171971568,8.0555353167466842E-02,8.0555353167466620E-02,8.0555353167466842E-02
9.153091155326223,8.833169030304507,3.562669907623232,2.5131232986508708E-12,2.5131233049371959E-12,2.5131232986508878E-12
6.7030994367200964,2.661306939685193,7.49295602515048,2.0772874071457118E-03,2.0772874071457044E-03,2.0772874071457144E-03
6.928653037128999,1.4639145907219688,7.295228304730703,6.5908462794711811E-02,6.5908462794711950E-02,6.5908462794711839E-02
1.6375001703662337,0.695621647239554,8.824159084140668,5.0467904411839307E-02,5.0467904411839279E-02,5.0467904411839314E-02
0.2389857509067192,0.17175510798475896,6.830011903287663,1.7520990458441929E-01,1.7520990458441812E-01,1.7520990458441929E-01
0.6557249678689574,0.5050022754880366,5.955381849594923,5.1580462762742495E-02,5.1580462762742488E-02,5.1580462762742516E-02
9.644616955469557,1.0586662731842391,9.943332581580748,1.4115014591490685E-01,1.4115014591490749E-01,1.4115014591490682E-01
6.4572490834597795,6.102351609722788,6.419702954015513,4.9242881723105511E-14,4.9242881722930175E-14,4.9242881723105536E-14
9.469071974267424,6.3842529622190485,3.8947786348906823,6.0469249587944269E-06,6.0469249587880640E-06,6.0469249587944387E-06
3.493908650285069,0.22141168336995745,3.0477409738348933,4.1894878414646497E-01,4.1894878414646475E-01,4.1894878414646503E-01
7.552240244456474,6.319424364573825,0.3576097837773767,6.7456002691819311E-02,6.7456002691819297E-02,6.7456002691819325E-02
0.6540831137201316,0.6350884939327988,9.441389407181136,1.3743002103888753E-03,1.3743002103888190E-03,1.3743002103888760E-03
1.6621350354131523,1.3913269426738162,7.526420769894011,4.3442624153528821E-04,4.3442624153527867E-04,4.3442624153528859E-04
2.771405635386413,0.029835039514388925,3.770807032937738,4.8627676454230673E-01,4.8627676454230684E-01,4.8627676454230667E-01
5.503227485182246,2.6038120781461656,8.75027658574684,3.6689428231941344E-04,3.6689428231941420E-04,3.6689428231941377E-04
5.574133060021091,3.2831388785615676,7.629259010225564,2.8209116285499683E-05,2.8209116285399391E-05,2.8209116285499734E-05
4.989914624424918,4.4271655074650385,4.651787147270268,3.3454779630795337E-07,3.3454779454629166E-07,3.3454779630795364E-07
4.244693399962312,2.134040679373689,9.557837869797932,4.7280344452747244E-04,4.7280344452747271E-04,4.7280344452747298E-04
5.757094032874952,0.4500272492177432,8.92400601100824,2.8795328862697839E-01,2.8795328862697883E-01,2.8795328862697850E-01
9.666627287638844,9.015661661734441,4.460517621855868,6.8544345974626274E-14,6.8544345974343130E-14,6.8544345974626678E-14
4.580849796905143,4.355620068459082,4.270156654186239,1.2527705292302763E-07,1.2527704951288134E-07,1.2527705292302805E-07
8.374730470841868,4.071709291288667,1.5170433307031364,3.8121050202955156E-02,3.8121050202954629E-02,3.8121050202955177E-02
0.5588140631222088,0.030363637676303977,1.0241610414637223,4.8570436427044650E-01,4.8570436427044655E-01,4.8570436427044644E-01
3.855934013574853,3.2320936232686264,3.5721701372675314,2.2902615052793586E-04,2.2902615052792751E-04,2.2902615052793608E-04
5.605008386779627,4.154372416940596,2.1460417630219952,2.7044641101346858E-03,2.7044641101347236E-03,2.7044641101346880E-03
6.203243524493806,6.0189551567846715,0.6861418931049138,6.9775232165340557E-03,6.9775232165330148E-03,6.9775232165340609E-03
2.5002583974861197,0.02074981232889973,7.354823875601438,4.8589883120041105E-01,4.8589883120041105E-01,4.8589883120041116E-01
3.992970205764604,1.7394314991919495,9.61176014966806,2.8932788062864755E-03,2.8932788062864890E-03,2.8932788062864777E-03
9.470066986740028,2.6917225375806915,6.873915072582322,1.0365866668785991E-02,1.0365866668786005E-02,1.0365866668785990E-02
6.488542655044089,0.7039399519469298,9.074334037477641,2.0271948598121703E-01,2.0271948598121731E-01,2.0271948598121717E-01
5.8497039874981045,4.297568880958936,8.703682376252582,5.7437240532809628E-09,5.7437236215867145E-09,5.7437240532809694E-09
0.6530805753273573,0.2230482328053409,6.4605790862633246,2.4407536209697503E-01,2.4407536209697503E-01,2.4407536209697508E-01
0.5218573588057127,0.020817516711472177,5.2261768539558195,4.7474941215472771E-01,4.7474941215472199E-01,4.7474941215472777E-01
2.114063338475863,0.2840446033002575,3.5790781345389595,3.5766949218085842E-01,3.5766949218085842E-01,3.5766949218085842E-01
1.3783139762087453,1.110077945524556,4.949812258105392,1.0367011010005886E-02,1.0367011010005311E-02,1.0367011010005887E-02
9.837500917739948,5.9581736830292975,3.212587389819838,1.7273423784369530E-04,1.7273423784371574E-04,1.7273423784369557E-04
0.027571201311881195,0.005944916872061703,1.7207495665123356,4.8914663276523929E-01,4.8914663276526077E-01,4.8914663276523923E-01
3.6584987074522535,2.5450351510011733,4.953320518682434,7.5746960704909934E-04,7.5746960704914238E-04,7.5746960704909977E-04
0.5843186539930537,0.07662987628340802,6.611608967195836,4.0093464354629332E-01,4.0093464354629338E-01,4.0093464354629338E-01
6.400141582120934,4.306280107026553,5.853192669027234,5.4158120381029117E-06,5.4158120380947404E-06,5.4158120381029151E-06
0.46542736742838364,0.3047293416851471,7.378254148103911,1.0540070713273225E-01,1.0540070713273227E-01,1.0540070713273227E-01
0.6841895144536688,0.004457275793593088,3.3597690364629385,4.9623634998949473E-01,4.9623634998949484E-01,4.9623634998949484E-01
0.7995170618306281,0.40894693501705215,0.0010603959959008043,4.9899344477643198E-01,4.9899344477651453E-01,4.9899344477643198E-01
2.7179241345156653,1.9728400253720486,2.12667397114356,3.1518201091907921E-02,3.1518201091907949E-02,3.1518201091907935E-02
5.763623044159706,4.368922359425832,2.897024778173939,3.6138235145927080E-04,3.6138235145927920E-04,3.6138235145927113E-04
8.054505631446775,5.680818034509892,5.531093359617208,1.9120900144800259E-07,1.9120900144874861E-07,1.9120900144800285E-07
2.671989125854158,2.3627745807615694,3.8945762083243958,5.0667225936441526E-04,5.0667225936442014E-04,5.0667225936441547E-04
2.831782248589007,2.1399648892641285,6.576753035239521,1.8573575956202319E-04,1.8573575956204788E-04,1.8573575956202344E-04
8.244838991304974,7.59469979977257,2.2395067915288047,1.2254122042022920E-06,1.2254122042022289E-06,1.2254122042022945E-06
7.459509206925208,3.0955276582001265,4.680226044562561,6.2074588671644122E-03,6.2074588671644131E-03,6.2074588671644148E-03
1.2682348020985106,0.044505738660545247,0.02256122078427975,4.9879258973462415E-01,4.9879258973467067E-01,4.9879258973462426E-01
8.0635087121701,1.464667077327714,6.863035348191044,8.7891198812354923E-02,8.7891198812354854E-02,8.7891198812354951E-02
8.312527961241948,2.3957263922113103,8.653601115035231,6.8234440740457857E-03,6.8234440740457909E-03,6.8234440740457883E-03
1.778340053092702,0.07594940136150727,8.586590343927229,4.3423297199849575E-01,4.3423297199849542E-01,4.3423297199849581E-01
6.269517290925679,0.6830214189003311,8.746846522506438,2.1008255411838977E-01,2.1008255411838880E-01,2.1008255411838986E-01
1.9675165438501974,1.020632606970039,1.9614002862153648,1.5225068717349688E-01,1.5225068717349691E-01,1.5225068717349688E-01
2.4350027710096227,0.616017725652516,9.814214744171558,1.0739983553565824E-01,1.0739983553565831E-01,1.0739983553565829E-01
4.940108152710887,1.4126934070412929,5.513745418373606,6.6621397927777368E-02,6.6621397927777118E-02,6.6621397927777395E-02
5.22224805750529,3.8696157676030225,1.8558793468497805,6.3911460001788338E-03,6.3911460001788408E-03,6.3911460001788364E-03
4.790387250630332,4.090848317992702,0.9106315191429177,2.3490011374654320E-02,2.3490011374654337E-02,2.3490011374654327E-02
5.411456418936757,4.660972528358707,0.709849673921942,2.9999448036609255E-02,2.9999448036609259E-02,2.9999448036609262E-02
2.131725447786882,0.7906150891488741,6.369709663164623,8.3922742005995254E-02,8.3922742005991646E-02,8.3922742005995282E-02
7.785825823242308,5.521791863227703,6.285916596667474,4.1858404250919713E-08,4.1858405970209355E-08,4.1858404250919812E-08
2.778556335444881,2.3662186409694725,7.867599477264494,2.9206841623400712E-06,2.9206841623395249E-06,2.9206841623400742E-06
9.126841628862131,1.3841368713279174,6.58618291787227,1.1964081793178037E-01,1.1964081793178070E-01,1.1964081793178037E-01
5.151601520365537,1.0362578346281175,5.194084123662018,1.4892179719482032E-01,1.4892179719482054E-01,1.4892179719482038E-01
3.0369101610405536,1.966898513816161,1.6283001758885818,6.7162142383453111E-02,6.7162142383453152E-02,6.7162142383453138E-02
1.7439215866927509,0.46391672859590505,7.3447650230727675,1.7062889765459122E-01,1.7062889765459113E-01,1.7062889765459124E-01
4.852091103764061,0.9378694207722011,0.040707385674677354,4.7379087093162392E-01,4.7379087093162331E-01,4.7379087093162409E-01
3.7630353717835083,1.3839886674020203,6.603090295662435,3.1658286553669555E-02,3.1658286553669500E-02,3.1658286553669562E-02
6.230975597840255,0.10562301625605952,1.6531898752872556,4.7855523699900226E-01,4.7855523699900210E-01,4.7855523699900238E-01
4.984645980271236,2.185481332626931,1.5882091236910705,1.0621815403776751E-01,1.0621815403776749E-01,1.0621815403776751E-01
0.36969328403716756,0.01781012269568013,9.060929214021941,4.6599659428084061E-01,4.6599659428084089E-01,4.6599659428084050E-01
8.330964378608455,2.0429259821502552,9.272695260425781,1.5063070252989487E-02,1.5063070252989546E-02,1.5063070252989492E-02
0.5168342238000481,0.11272522224067215,7.202882115223225,3.4060789211873271E-01,3.4060789211873260E-01,3.4060789211873271E-01
8.275968879075718,2.729301514811126,2.286209888190367,7.4155748934604318E-02,7.4155748934604332E-02,7.4155748934604318E-02
8.127515159203421,1.0251980697402514,4.693816786547873,2.1824560030469858E-01,2.1824560030469853E-01,2.1824560030469861E-01
9.23983885456309,4.354311237550928,3.462047990913865,3.1023452415567198E-03,3.1023452415567280E-03,3.1023452415567202E-03
6.644043971411213,4.567653528679293,1.1761337204409144,2.0904986503695957E-02,2.0904986503695870E-02,2.0904986503695967E-02
1.6063202786900947,0.5449458663323588,2.36823775498563,2.5720436443073547E-01,2.5720436443073541E-01,2.5720436443073547E-01
4.419349921599232,4.093815446112244,0.5797829248445829,4.4412359375640212E-02,4.4412359375640170E-02,4.4412359375640240E-02
4.394382658438689,3.7749827562196345,9.722992161279551,6.0937031448120609E-11,6.0937030032025128E-11,6.0937031448120751E-11
6.3233666315205,1.9374991709761058,2.363028202145239,1.1719569857601664E-01,1.1719569857601661E-01,1.1719569857601665E-01
3.811437210287196,0.15178134979881144,3.8713643202701666,4.3969200627169353E-01,4.3969200627169314E-01,4.3969200627169353E-01
6.756813311882386,5.1869036673272735,2.466205723491196,2.9955237635263376E-04,2.9955237635264211E-04,2.9955237635263419E-04
2.0391534102403677,0.49048223591761236,6.51259583337055,1.9078399142116931E-01,1.9078399142116925E-01,1.9078399142116934E-01
3.5335724463877725,1.1749012429974501,5.625336988233045,6.7506296751724967E-02,6.7506296751725314E-02,6.7506296751724995E-02
5.433179781532416,3.146770353421628,7.656681384406539,4.6352272927386494E-05,4.6352272927313432E-05,4.6352272927386542E-05
4.276567747039369,4.267509623877089,0.11426868316781742,2.1513282277703119E-01,2.1513282277702969E-01,2.1513282277703133E-01
1.2253442551249254,0.3676991125236706,2.046833044604039,3.2255567582582617E-01,3.2255567582582745E-01,3.2255567582582617E-01
9.658284624812968,4.525736543105808,5.987417411123449,1.2420900842392070E-04,1.2420900842258315E-04,1.2420900842392078E-04
6.912984891824501,4.335796341539078,5.7657116447872045,1.4266673176037825E-05,1.4266673176006944E-05,1.4266673176037834E-05
8.330367474402479,5.689687921627442,8.24440312039855,6.2606205235921355E-10,6.2606205238913164E-10,6.2606205235921562E-10
3.574671716816836,0.7604822780493048,0.8055605910671234,3.6332304591269149E-01,3.6332304591269154E-01,3.6332304591269154E-01
9.448964612099857,5.623372741324458,3.711587815741593,1.0882233661039942E-04,1.0882233661061308E-04,1.0882233661039957E-04
8.12448976081837,4.419870539501576,4.037621018406061,6.0478560848695455E-04,6.0478560848639131E-04,6.0478560848695509E-04
9.7950645052543,6.447725638091188,5.13031791509291,3.3225096758667105E-07,3.3225096758930278E-07,3.3225096758667168E-07
1.9740227844728155,0.22852665834783573,3.514357049367606,3.8196973355420094E-01,3.8196973355420072E-01,3.8196973355420077E-01
4.7717470490597655,0.6062119398158158,7.346724447493245,2.2630338671926548E-01,2.2630338671926520E-01,2.2630338671926556E-01
3.8585513558242868,3.760453226302604,1.0432162631653528,7.8839243445071559E-03,7.8839243445041444E-03,7.8839243445071577E-03
6.138988566530809,5.03801598115561,0.6063594250778382,4.2033505704425891E-02,4.2033505704425905E-02,4.2033505704425898E-02
2.502272314706235,2.0691344831940075,3.135038307247119,4.9891539058844071E-03,4.9891539058845250E-03,4.9891539058844088E-03
1.0048128502778884,0.9377277253857681,0.8937746467243652,1.6944405051783537E-01,1.6944405051782546E-01,1.6944405051783543E-01
4.766218206630463,4.574265748474873,3.9241738663210577,1.3387098003843155E-07,1.3387097706925089E-07,1.3387098003843192E-07
6.394755418002682,2.5176187701749244,5.7843465197180075,7.4253062255967553E-03,7.4253062255967527E-03,7.4253062255967587E-03
3.8402157833712494,2.893829326346528,0.8419879169004624,7.5725061418144751E-02,7.5725061418144779E-02,7.5725061418144765E-02
9.8743946832286,6.332813205204922,4.598012913160709,2.2819730346255141E-06,2.2819730346246209E-06,2.2819730346255170E-06
4.059947122611766,2.2724765127345417,5.553220852515682,2.8571887786313999E-03,2.8571887786324503E-03,2.8571887786314021E-03
2.998225442823887,2.0357641536438895,5.6454364081664075,1.4555102905910392E-03,1.4555102905909501E-03,1.4555102905910399E-03
8.138996861212604,2.6028071172178757,0.3021240935719446,3.1333981278052514E-01,3.1333981278052658E-01,3.1333981278052514E-01
4.666951361347657,4.020365600472037,7.732365592792009,1.4543901774126669E-09,1.4543901868822219E-09,1.4543901774126692E-09
2.7322405053138015,1.1125909664177955,7.219971921326123,3.3070685843658527E-02,3.3070685843653018E-02,3.3070685843658534E-02
2.8649815956136178,0.4265451363219303,2.9701820836301436,3.3378476157188725E-01,3.3378476157188747E-01,3.3378476157188719E-01
9.471563176863459,0.11326937564213696,4.713507169993399,4.6824373041578116E-01,4.6824373041577849E-01,4.6824373041578116E-01
9.617371307924405,6.14464387156457,7.391844876299475,5.4261325958299850E-09,5.4261325960385884E-09,5.4261325958299900E-09
6.462404338740247,1.5003662408318927,8.340763900507685,4.3418655142323674E-02,4.3418655142323577E-02,4.3418655142323695E-02
2.78775188994997,2.662730776296995,2.4772394078376494,1.1279977161704991E-03,1.1279977161705202E-03,1.1279977161704994E-03
7.113719300285477,1.3915462776898273,7.70834388051877,7.3211259433417511E-02,7.3211259433417622E-02,7.3211259433417539E-02
2.1677731424128943,0.6862021916428914,4.2420412758655175,1.6856472141927034E-01,1.6856472141927031E-01,1.6856472141927040E-01
3.2209146656706182,3.1666854794076094,9.53160956432158,9.1001585869828036E-13,9.1001585280756270E-13,9.1001585869827692E-13
5.4174094233916845,2.816050197540955,8.783667113614644,1.0201788644528135E-04,1.0201788644454224E-04,1.0201788644528140E-04
4.01150149722934,3.695317154573119,3.579979431928421,1.6838777037987282E-05,1.6838777037987448E-05,1.6838777037987309E-05
3.5103035239596054,2.7411075568791423,3.5983891589732866,1.1558307167917955E-03,1.1558307167917822E-03,1.1558307167917957E-03
9.741346881421933,1.166309661782242,4.858410030402878,2.0525571861127431E-01,2.0525571861127437E-01,2.0525571861127440E-01
1.7021447241800427,0.36860194235515564,9.606451902247331,1.9096159931715820E-01,1.9096159931715811E-01,1.9096159931715823E-01
6.137824211638283,2.377812754696411,1.4398910139252314,1.2325096787520221E-01,1.2325096787520234E-01,1.2325096787520225E-01
0.38551004069954714,0.33932375515120966,5.4890577749972795,7.9311370968349476E-02,7.9311370968349462E-02,7.9311370968349476E-02
0.917238199865331,0.30665135545257055,6.477142773358122,2.0877959610776819E-01,2.0877959610776814E-01,2.0877959610776828E-01
2.1000390505167448,0.9726454228783841,7.200578738738476,3.2933884917927203E-02,3.2933884917927203E-02,3.2933884917927203E-02
9.916862791525046,4.768066812238391,0.6712417958950733,1.0426749165993732E-01,1.0426749165993750E-01,1.0426749165993733E-01
7.264273749814077,2.3616570683577502,5.993193244767252,1.5056507612143654E-02,1.5056507612143709E-02,1.5056507612143659E-02
8.680394152482426,6.8220286540651704,4.504465300265354,2.6033767705367949E-08,2.6033767980988890E-08,2.6033767705367963E-08
0.49493289798870177,0.027576212957232688,3.3942349836762205,4.7287530822468848E-01,4.7287530822468843E-01,4.7287530822468854E-01
6.814416382681464,1.5431814283914698,9.70536040038271,3.2139628398852899E-02,3.2139628398852864E-02,3.2139628398852912E-02
4.399420800712114,3.627036649198822,1.0603806153942708,2.5102846203696263E-02,2.5102846203696270E-02,2.5102846203696263E-02
4.164257843558638,2.565636819011357,7.086946955537473,2.1201443106534318E-04,2.1201443106521527E-04,2.1201443106534356E-04
7.082577117000292,3.624871326801845,2.0436841870564697,2.2631722545400895E-02,2.2631722545400901E-02,2.2631722545400898E-02
3.0832586734607523,1.1400933155897874,9.48102808450724,2.1334723360680756E-02,2.1334723360680811E-02,2.1334723360680766E-02
5.13472688592792,0.6720294483997438,5.003195559475468,2.5410608527358758E-01,2.5410608527358725E-01,2.5410608527358769E-01
2.607321145764982,1.1912087428084681,4.533930574499399,5.4876939336117050E-02,5.4876939336115954E-02,5.4876939336117057E-02
3.9141015655170266,3.8597749585897434,2.485091949950726,3.6659866756872888E-05,3.6659866756873200E-05,3.6659866756872854E-05
5.333308419430002,3.172776100429372,5.337840545419198,4.3868844935775127E-04,4.3868844935736107E-04,4.3868844935775176E-04
1.578894240162349,0.9101159944908437,8.643303127514331,1.3435766005226175E-02,1.3435766005226153E-02,1.3435766005226182E-02
2.7619436003398454,2.7319443295194814,0.7208256047871512,4.2136565014120782E-02,4.2136565014120747E-02,4.2136565014120796E-02
4.204117011624881,3.7190988512673395,6.582299194886646,3.2041763820396167E-08,3.2041764378031282E-08,3.2041763820396273E-08
4.727532510483702,4.719027299601818,1.4656292141731577,2.0837859225686158E-04,2.0837859225686584E-04,2.0837859225686123E-04
8.000059679713381,7.621865441478986,2.250782232841063,3.4195331862163619E-07,3.4195331862161941E-07,3.4195331862163651E-07
6.429536843664607,4.289541746924546,8.53853959108292,6.4766916950267629E-08,6.4766916949924024E-08,6.4766916950267880E-08
5.624944416214521,1.7195543351109386,0.7228084031428426,2.7202563393783891E-01,2.7202563393783885E-01,2.7202563393783896E-01
8.698686950264596,5.461791510821615,7.316735664929667,5.7491281681753018E-08,5.7491281680209466E-08,5.7491281681753032E-08
1.9735689128811595,0.687815243820154,0.5786254522534169,3.6381922124737376E-01,3.6381922124737376E-01,3.6381922124737376E-01
1.040919943476832,0.8432992017598032,5.095481805879877,2.0420826090699690E-02,2.0420826090699687E-02,2.0420826090699701E-02
3.937312761156018,0.5434509805523181,6.235117524212486,2.4758627578602418E-01,2.4758627578602407E-01,2.4758627578602424E-01
1.3719858365772262,0.6347097900932609,1.4700706667687578,2.6051390893890736E-01,2.6051390893890747E-01,2.6051390893890747E-01
5.559854782904855,4.670803257691819,8.0211157244974,9.5574655863957261E-11,9.5574655863663198E-11,9.5574655863957662E-11
5.736475956325641,2.60781953645439,2.210185698733466,4.9607188694864017E-02,4.9607188694863302E-02,4.9607188694864045E-02
1.3160223381419267,0.7906870319658088,4.756877289723531,6.0069663519430792E-02,6.0069663519430876E-02,6.0069663519430813E-02
7.160568341564463,0.709514739202131,2.4028880848102228,3.4141011109156588E-01,3.4141011109156627E-01,3.4141011109156594E-01
5.565439180307769,1.589126415718946,7.635882865515114,3.0358084912196361E-02,3.0358084912196479E-02,3.0358084912196368E-02
4.231877624496984,4.03541803045654,2.511488083838685,7.1863795633702706E-05,7.1863795633702517E-05,7.1863795633702625E-05
9.174825984815751,6.0244262249324665,2.6218997670073674,3.1297177977507486E-04,3.1297177977502872E-04,3.1297177977507496E-04
8.559137352603994,3.12587647887366,0.12186655026249135,3.6422016970601395E-01,3.6422016970601395E-01,3.6422016970601401E-01
2.2097695407322937,1.1421136718102463,8.998385998004835,8.7215585779588396E-03,8.7215585779588361E-03,8.7215585779588448E-03
1.6659151069405373,1.2899494547726338,0.3360662678726504,2.9066743508568044E-01,2.9066743508567905E-01,2.9066743508568038E-01
9.155372485506783,7.204320578791311,3.1459330178198637,1.4741995195902603E-06,1.4741995195911264E-06,1.4741995195902632E-06
1.5726031599488546,1.301033470340413,6.470106921349351,1.6030137237343172E-03,1.6030137237343328E-03,1.6030137237343181E-03
7.5720875435535735,2.1963854083075436,3.320924129570813,7.1704043064634987E-02,7.1704043064635015E-02,7.1704043064635001E-02
3.125238906419556,0.7463987044859249,5.972101278303088,1.5091190174208316E-01,1.5091190174208302E-01,1.5091190174208319E-01
3.611917347790476,2.305239302268939,3.6457122746656383,7.3804641937798834E-03,7.3804641937800907E-03,7.3804641937798895E-03
5.537291087213176,2.918962210081119,8.79952323580819,6.7791122692738051E-05,6.7791122692121466E-05,6.7791122692738214E-05
9.259649077816631,5.229451430482514,1.5898762650014924,1.2260792340146156E-02,1.2260792340146548E-02,1.2260792340146159E-02
0.020668224961891937,0.0044475062157620735,0.1842024707838276,4.9850738849744353E-01,4.9850738849839071E-01,4.9850738849744347E-01
1.6229571152897588,0.5177020264325047,0.997090066645862,3.4964266336174765E-01,3.4964266336174765E-01,3.4964266336174765E-01
7.202145765421623,5.4127659822931715,5.23996797104643,2.2077625538675703E-07,2.2077625538645242E-07,2.2077625538675711E-07
3.9447258475920157,1.4146047663106553,5.922727769327798,3.9753950201314413E-02,3.9753950201314336E-02,3.9753950201314413E-02
2.8781754179259873,2.1786941140538354,8.339044793462357,2.4972912679635847E-05,2.4972912679628072E-05,2.4972912679635881E-05
9.628960291709602,0.4578702872532955,9.546484354188674,3.2440442508346623E-01,3.2440442508346401E-01,3.2440442508346623E-01
2.6403578304004647,2.5082460671498445,4.013104118306653,8.3149388497240332E-05,8.3149388497240210E-05,8.3149388497240372E-05
7.141698161988101,1.4901645464497715,8.236969375062852,5.4155412408669189E-02,5.4155412408668988E-02,5.4155412408669210E-02
9.64226026835864,4.611422715540069,4.051756951518728,1.0538080563973224E-03,1.0538080563994338E-03,1.0538080563973233E-03
7.627684285858751,7.017801215493941,3.706633173766595,2.7038703138512872E-09,2.7038703181760641E-09,2.7038703138512905E-09
7.094169417801526,1.8017255264010619,1.327029611163292,2.1894166571466070E-01,2.1894166571466078E-01,2.1894166571466070E-01
7.232094807005624,1.6484077825127166,8.686546969793564,3.4764068156037567E-02,3.4764068156037581E-02,3.4764068156037581E-02
8.052280545698775,7.928834451010766,3.3611390274261876,1.5050613204230736E-11,1.5050613190321897E-11,1.5050613204230784E-11
2.7122093678343377,2.4508101735115515,6.466946342020058,4.4591280457867413E-06,4.4591280457868938E-06,4.4591280457867447E-06
6.266904583111729,3.335131965013997,5.171703072463864,8.4301243160384801E-04,8.4301243160265626E-04,8.4301243160384877E-04
8.028878651846266,0.4969867950459853,9.968375565563324,2.9007138603533228E-01,2.9007138603533222E-01,2.9007138603533228E-01
8.882307590004196,5.368994057038756,2.5564142588455208,1.2564090315560301E-03,1.2564090315564599E-03,1.2564090315560310E-03
9.058350948665261,2.2833840980194124,5.5150313061288445,3.6586192620413120E-02,3.6586192620413023E-02,3.6586192620413148E-02
9.038973546235601,1.9396051338080167,7.896343607989089,3.4354099557262652E-02,3.4354099557262797E-02,3.4354099557262673E-02
0.9764282312687806,0.9093268632658941,1.9108908883792877,7.4350391709119446E-02,7.4350391709119459E-02,7.4350391709119432E-02
3.7641232331700762,2.330686369594446,8.231755694116458,1.4018305170307021E-04,1.4018305170308010E-04,1.4018305170307037E-04
4.563975195695843,2.0270961823431084,5.581741506248979,1.0979020317876445E-02,1.0979020317876481E-02,1.0979020317876453E-02
8.916864871128766,0.5665199987086832,1.0352803419537018,4.2439560652869152E-01,4.2439560652869124E-01,4.2439560652869157E-01
4.192594268436696,1.5591342245882243,9.680570868504784,8.0786687452507056E-03,8.0786687452506830E-03,8.0786687452507142E-03
2.6491945423809695,2.2869309207086848,4.118574476449059,5.8439225170181758E-04,5.8439225170182170E-04,5.8439225170181779E-04
0.19868574571526731,0.060215873743480974,4.754114287072393,3.9326263984591631E-01,3.9326263984591620E-01,3.9326263984591631E-01
2.8876139021938787,0.9331286339034246,7.844644385375029,6.0504718493908753E-02,6.0504718493908857E-02,6.0504718493908795E-02
7.807263774915805,4.736216880005533,9.64637645844202,1.4491849543212195E-08,1.4491849544001600E-08,1.4491849543212228E-08
0.20180736350470996,0.05098388525703217,2.4554607087102203,4.3885040173125173E-01,4.3885040173125173E-01,4.3885040173125178E-01
1.6500227800920817,0.9187671583497657,1.3617412666744444,2.0299641555173875E-01,2.0299641555173878E-01,2.0299641555173878E-01
3.1097531116235597,2.3887418287130195,7.447334479918685,2.4722665262017727E-05,2.4722665262010696E-05,2.4722665262017795E-05
5.320157517738017,1.5274195062281253,6.770407375182287,4.1327533421209872E-02,4.1327533421209893E-02,4.1327533421209893E-02
3.6304968776163182,1.7165184160678943,4.465260779932714,2.5720494170726922E-02,2.5720494170727002E-02,2.5720494170726926E-02
8.8264086819282,5.085024689816147,6.476104232206206,2.5705539083742434E-06,2.5705539084127796E-06,2.5705539083742480E-06
2.0748555407557587,0.7544272859101406,9.441505391396953,5.1841572704523615E-02,5.1841572704523803E-02,5.1841572704523629E-02
5.6163878407501935,1.2590320526179182,8.419125592801858,6.0893425766390258E-02,6.0893425766390362E-02,6.0893425766390279E-02
7.778197269626482,0.8958388063659525,5.6822403113540405,2.2219043412053574E-01,2.2219043412053538E-01,2.2219043412053582E-01
9.296089330116954,5.255570359656065,9.086276825862871,2.7988393954121339E-08,2.7988393957702396E-08,2.7988393954121405E-08
8.73481538538642,8.180629428044718,9.129123427071354,1.5215606944922031E-24,1.5215606936079953E-24,1.5215606944922191E-24
1.3552964853064313,0.02673819724959899,7.711579113867884,4.7486016020118260E-01,4.7486016020118238E-01,4.7486016020118255E-01
7.91802161644793,6.848551341266095,1.185697699603131,1.2880457290414197E-03,1.2880457290414251E-03,1.2880457290414201E-03
6.753495160353163,6.4938108721728165,5.617133035951032,7.4167397524229483E-14,7.4167396540373547E-14,7.4167397524229635E-14
